{
  "POS_LABEL": "3-4",
  "NEG_LABEL": "1-2",
  "SENS_TARGET": 0.95,
  "SPEC_TARGET": 0.85,
  "CAL_METHOD": "sigmoid",
  "CAL_CV": 5,
  "THR_OOF_FOLDS": 5,
  "RANDOM_STATE": 42,
  "RF_PARAMS": {
    "bootstrap": true,
    "class_weight": "balanced",
    "max_depth": 4,
    "max_features": "sqrt",
    "min_samples_leaf": 2,
    "min_samples_split": 10,
    "n_estimators": 100,
    "random_state": 42,
    "n_jobs": -1
  },
  "feature_cols": [
    "Age",
    "PLT [k/µl]",
    "AST [U/l]",
    "ALT [U/l]",
    "Albumin [g/l]",
    "FIB4",
    "APRI",
    "NAFLD",
    "RITIS"
  ],
  "t_out": 0.08529323436074877,
  "t_in": 0.41811178564319984,
  "train_path": "Data/Modified/Full/Final_reduced/2-class/Scaled/patients.csv",
  "test_path": "Data/Modified/Full/Final_reduced/2-class/Scaled/control.csv",
  "report_path": "rf_calibrated_triage_report.txt",
  "model_path": "rf_calibrated_triage_model.joblib",
  "reliability_plot": "rf_calibration_reliability.png",
  "calibration_summary": {
    "train_oof": {
      "brier": 0.1300706020500105,
      "logloss": 0.42297106758939174,
      "ece": 0.05510115219769936
    },
    "train_final": {
      "brier": 0.0866772572868522,
      "logloss": 0.305363865925278,
      "ece": 0.07932463001990153
    },
    "test": {
      "brier": 0.11013804908307662,
      "logloss": 0.37845091549706245,
      "ece": 0.16155305839214662
    }
  },
  "covered_only_summary": {
    "train_oof": {
      "n": 261,
      "n_covered": 133,
      "coverage": 0.5095785440613027,
      "tn": 26,
      "fp": 24,
      "fn": 4,
      "tp": 79,
      "acc": 0.7894736842105263,
      "sens": 0.9518072289156626,
      "spec": 0.52,
      "ppv": 0.7669902912621359,
      "npv": 0.8666666666666667
    },
    "train_final": {
      "n": 261,
      "n_covered": 144,
      "coverage": 0.5517241379310345,
      "tn": 43,
      "fp": 17,
      "fn": 0,
      "tp": 84,
      "acc": 0.8819444444444444,
      "sens": 1.0,
      "spec": 0.7166666666666667,
      "ppv": 0.8316831683168316,
      "npv": 1.0
    },
    "test": {
      "n": 29,
      "n_covered": 11,
      "coverage": 0.3793103448275862,
      "tn": 1,
      "fp": 3,
      "fn": 0,
      "tp": 7,
      "acc": 0.7272727272727273,
      "sens": 1.0,
      "spec": 0.25,
      "ppv": 0.7,
      "npv": 1.0
    }
  }
}